hello there,hello there,agree
pppp,pppp,disagree
COVID-19 vaccine confidence is growing, global survey suggests,1,agree
Japan to discard millions of Pfizer vaccine doses because it has wrong syringes,0,agree
Japan to discard millions of Pfizer vaccine doses because it has wrong syringes,0,agree
Japan to discard millions of Pfizer vaccine doses because it has wrong syringes,0,agree
Japan to discard millions of Pfizer vaccine doses because it has wrong syringes,0,agree
(South Korea) Patient dies after receiving AstraZeneca vaccine at long-term care hospital | Yonhap News Agency,0,Covid-19 vaccine causes swelling picked up on mammograms,0,agree
President Trump Says No To Bill Gates’ Backed “COVAX” Vaccine Alliance,0,agree
The U.S. Is Sitting on Tens of Millions of Vaccine Doses the World Needs,0,agree
Bill Gates on Finding a Vaccine for COVID-19, the Economy, and Returning to 'Normal Life',1,agree
Covid 19 Coronavirus: Mutation Threatens Race To Develop Vaccine,1,skip
hello there general kenobi,1,skip
